uid,fe_user,deleted,hidden,image
5019,0,0,1,user_pics/anonymous/01_butt_head.doc
14870,26,0,1,user_pics/26/01_125__fish_pics_2_3-23-06_022xwallet.jpg
6479,0,0,1,user_pics/anonymous/01_cichlasoma_grammodes
6653,0,0,1,user_pics/anonymous/01_aulonacara_auditor
11169,0,0,1,user_pics/anonymous/01_VPOLBottomTile.gif
16834,0,0,1,user_pics/anonymous/01_Cichlids.3gp
14586,1007,0,0,user_pics/1007/05_cobalt.jpg
8091,0,0,1,user_pics/anonymous/01_fish5_012.jpg
11876,0,0,1,user_pics/anonymous/02_Photo_#25.jpg
12511,0,0,1,user_pics/anonymous/01_red_paco
588,0,0,1,user_pics/anonymous/albums/tankgallery2/P9290021.mov
9198,0,0,1,user_pics/anonymous/01_DSCfemalekenyi.JPG.lnk
112656,9711,0,0,user_pics/9711/pictur_fdc6af9317.jpg
40518,123,0,1,user_pics/123/02_Fuelleborni_CloseUp.jpg
20820,2052,0,0,user_pics/2052/01_auolonacara_01.jpg
14579,1007,0,0,user_pics/1007/01_gold_sevrum.jpg
14578,1007,0,0,user_pics/1007/02_jewel_fd94962702bc7f557268759bb995b01c.jpg
9176,0,0,0,user_pics/anonymous/01_Emily
8034,308,0,1,user_pics/308/01_100_0494.jpg
5551,0,0,1,user_pics/anonymous/01_map
2718,0,0,0,user_pics/anonymous/albums/american/MVI_0029.avi
8086,302,0,1,user_pics/302/01_fish_7_016.jpg
17638,0,0,1,user_pics/anonymous/01_NkbPProj.exe
8097,0,0,1,user_pics/anonymous/01_fish_tank_3.jpg
743,0,0,1,user_pics/anonymous/albums/tankgallery2/Midas_Severum_courting_11_Jan_05.mov
1083,0,0,1,user_pics/anonymous/albums/album22/100_0081.mov
20824,2052,0,0,user_pics/2052/01_jewel_babies_01.jpg
21564,0,0,0,user_pics/anonymous/02_tank2_1ed35a9e3bf9e51506b473b429c09b32.jpg
2166,0,0,0,user_pics/anonymous/albums/user_gallery/P_polleni.mov
2620,0,0,0,user_pics/anonymous/albums/american/Midas_Severum_courting_9_Jan_05.mov
11630,703,0,0,user_pics/703/01_Myboy.jpg
5795,0,0,1,user_pics/anonymous/05_Email-Sized_Photo_Album_with_100_Photos.zip
20064,0,0,1,user_pics/anonymous/01_Shortcut_to_000_0010.lnk
8038,308,0,1,user_pics/308/04_100_0473.jpg
11378,0,0,1,user_pics/anonymous/01_My_Great_Movie_3.pct
15335,935,0,1,user_pics/935/02_Cichlids_079.jpg
14860,0,0,1,user_pics/anonymous/01_Midas_caves_in_75_001x7.jpg
6324,0,0,0,user_pics/anonymous/01_RG_Moori_1.jpg
4725,0,0,1,user_pics/anonymous/01_htt.@qualife.com
5448,0,0,1,user_pics/anonymous/01_bah.PSF
8085,302,0,1,user_pics/302/01_fish_7_011.jpg
11765,722,0,1,user_pics/722/01_Library.iPhoto
4967,0,0,1,user_pics/anonymous/01_archocentrus_spilurus
2007,0,0,0,user_pics/anonymous/albums/user_gallery/fishy2.wmv
967,0,0,1,user_pics/anonymous/albums/tankgallery2/DSCN1205.mov
1443,0,0,0,user_pics/anonymous/albums/album22/P1010017.mov
6448,0,0,1,user_pics/anonymous/01_Variabilichromis_moorii
37449,1987,0,0,user_pics/1987/01_ang2.jpg
14609,26,0,1,user_pics/26/01_75d8abfec3.jpg
20113,1994,0,0,user_pics/1994/01_DSC00517.jpg
22756,2311,0,1,user_pics/2311/02_fish_and_tank_set-up_014.avi
10572,0,0,1,user_pics/anonymous/01_CLIP0085.ASF
47004,2721,0,0,user_pics/2721/2721____file_9999_02_King_Blu.JPG
191295,15758,0,1,user_pics/15758/89cd5f51-b23e-428c-87ab-d53e3fa06bef_aquarium_125.jpg
8087,302,0,1,user_pics/302/02_fish_7_011.jpg
20065,0,0,1,user_pics/anonymous/01_Shortcut_to_000_0014.lnk
20825,2052,0,0,user_pics/2052/01_jewel_dad_01.jpg
8803,0,0,1,user_pics/anonymous/02_Family&Friends_1186.jpg
12551,0,0,1,user_pics/anonymous/01_rainbow_labida
86762,7492,0,0,user_pics/7492/half%2_4076841232.jpg
8036,308,0,1,user_pics/308/02_100_0473.jpg
5446,0,0,1,user_pics/anonymous/01_bah5.PSF
15884,0,0,1,user_pics/anonymous/02_fish1.htm
12550,0,0,1,user_pics/anonymous/02_red_paco
14864,0,0,1,user_pics/anonymous/01_prue2.jpg
8089,302,0,1,user_pics/302/01_fish_7_022.jpg
8186,0,0,1,user_pics/anonymous/01_My_Pictures
5020,0,0,1,user_pics/anonymous/02_butt_head.doc
15886,1360,0,1,user_pics/1360/03_fish1.htm
8027,0,0,1,user_pics/anonymous/01_Fish_Pictures_1.htm
5796,0,0,1,user_pics/anonymous/06_Email-Sized_Photo_Album_with_100_Photos.zip
8079,308,0,1,user_pics/308/02_100_0494.jpg
20853,2052,0,0,user_pics/2052/02_yabbee.jpg
15310,199,0,1,user_pics/199/01_dc06.jpg
7110,0,0,1,user_pics/anonymous/01_pic1090.jpg
20066,0,0,1,user_pics/anonymous/01_Shortcut_to_000_0019.lnk
15313,0,0,1,user_pics/anonymous/02_DSCN1592.JPG
5792,0,0,1,user_pics/anonymous/02_Email-Sized_Photo_Album_with_100_Photos.zip
20095,0,0,1,user_pics/anonymous/02_Shortcut_to_000_0014.lnk
15323,1224,0,1,user_pics/1224/01_000_0291.JPG
15322,0,0,1,user_pics/anonymous/01_FSCN0178.JPG
14582,1007,0,0,user_pics/1007/01_jewels.jpg
14583,1007,0,0,user_pics/1007/04_green_terror.jpg
20865,2052,0,0,user_pics/2052/02_jewel_dad_01.jpg
2813,0,0,0,user_pics/anonymous/albums/american/P1010017_001.mov
8024,0,0,1,user_pics/anonymous/01_Captured_2026-8-4_00004.JPG
48218,3812,0,1,user_pics/3812/01_kg_066.jpg
14584,1007,0,0,user_pics/1007/01_bubba2.jpg
8029,0,0,1,user_pics/anonymous/01_Picture_083.jpg
14858,688,0,1,user_pics/688/01_red_terror_amber_018.jpg
10684,0,0,1,user_pics/anonymous/01_demasoni
3403,0,0,0,user_pics/anonymous/albums/malawi/Julia_Fry_Guys.avi
1603,0,0,0,user_pics/anonymous/albums/album22/dante.avi
4700,43,0,1,user_pics/43/01_fish.wmv
8088,302,0,1,user_pics/302/01_fish_7_025.jpg
14861,939,0,1,user_pics/939/02_DSC01410.JPG
14588,1007,0,0,user_pics/1007/01_yabbee.jpg
6842,0,0,1,user_pics/anonymous/01_my_prize
29295,1987,0,0,user_pics/1987/01_today051.JPG
5441,0,0,1,user_pics/anonymous/01_callochromis_stappersii
15336,1186,0,1,user_pics/1186/02_DSCN0517.JPG
2452,0,0,1,user_pics/anonymous/albums/american/DSCF0003.avi
14859,688,0,1,user_pics/688/01_red_terror_amber_019.jpg
11629,703,0,0,user_pics/703/01_100_0307_e933443a8ac3c775f007398552efe6c8.jpg
17863,773,0,1,user_pics/773/04_DSCF0046.mix
5793,0,0,1,user_pics/anonymous/03_Email-Sized_Photo_Album_with_100_Photos.zip
29305,1987,0,0,user_pics/1987/01_today085.JPG
6344,0,0,1,user_pics/anonymous/01_Malawi_Tank_02
8075,342,0,1,user_pics/342/342____file_9999_02_Picture_205.jpg
19059,0,0,0,user_pics/anonymous/02_100_1038.JPG
13195,846,0,1,user_pics/846/01_stevestank1
14585,1007,0,0,user_pics/1007/1007____file_9999_03_firemouth.jpg
20826,2052,0,0,user_pics/2052/01_severun_01.jpg
15312,0,0,1,user_pics/anonymous/01_DSCN1592.JPG
7337,0,0,1,user_pics/anonymous/02_oski2.pvm
60962,1579,1,0,user_pics/1579/01_FISH_045.jpg
8026,383,0,1,user_pics/383/01_Picture_1583.jpg
11056,0,0,0,user_pics/anonymous/01_my_new_tank.doc
11377,0,0,1,user_pics/anonymous/01_jackd.pct
8094,308,0,1,user_pics/308/04_100_0494.jpg
9839,0,0,1,user_pics/anonymous/01_BARLOWI
15714,1216,0,1,user_pics/1216/10_tank2.JPG
15885,0,0,1,user_pics/anonymous/01_fish2.htm
7529,0,0,1,user_pics/anonymous/01_OSKI.doc
40517,123,0,1,user_pics/123/01_Fuelleborni_CloseUp.jpg
5433,0,0,1,user_pics/anonymous/01_Picasa2.exe
12554,0,0,1,user_pics/anonymous/02_rainbow_labida
6238,0,0,1,user_pics/anonymous/02_100_1077.JPG
17634,0,0,1,user_pics/anonymous/01_My_Documents
10305,580,0,1,user_pics/580/02_EasyShare.exe
14855,0,0,1,user_pics/anonymous/01_prue1.jpg
14581,1007,0,0,user_pics/1007/1007____file_9999_02_bluey.jpg
18443,1717,0,1,user_pics/1717/01_Colorado_12-2006_024.jpg
2153,0,0,0,user_pics/anonymous/albums/user_gallery/P1010307.mov
8004,0,0,0,user_pics/anonymous/02_tank_1_42d6d94281f217aacc5ca38c7c7666f6.jpg
2058,0,0,0,user_pics/anonymous/albums/user_gallery/tank.wmv
3665,0,0,0,user_pics/anonymous/albums/malawi/vedio_of_dolphin.mov
14873,1071,0,1,user_pics/1071/01_pics_069.jpg
6345,0,0,1,user_pics/anonymous/01_RG_Malawitankfilm.MPG
6250,0,0,1,user_pics/anonymous/02_Dsc00856.jpg
15329,0,0,1,user_pics/anonymous/01_id_fish.jpg
12479,761,0,1,user_pics/761/01_P5164217i.jpg
5090,0,0,1,user_pics/anonymous/01_Malawi_tank_350_gallon_1
5640,0,0,1,user_pics/anonymous/01_HPIM0256.JPG
8080,308,0,1,user_pics/308/02_100_0495.jpg
19926,0,0,1,user_pics/anonymous/02_Video000.3gp
15328,0,0,1,user_pics/anonymous/01_pics_330.jpg
5791,0,0,1,user_pics/anonymous/01_Email-Sized_Photo_Album_with_100_Photos.zip
22111,0,0,1,user_pics/anonymous/01_Shortcut_to_Picture_064.lnk
8096,0,0,1,user_pics/anonymous/03_Picture_083.jpg
15318,1224,0,1,user_pics/1224/01_000_0322.JPG
9306,0,0,1,user_pics/anonymous/01_AQ_12.02.2006_New_lights
11172,670,0,0,user_pics/670/01_dog_fun_045.jpg
101650,6159,0,0,user_pics/6159/mov001_243cedb909.jpg
15311,0,0,1,user_pics/anonymous/01_DSCN1586.JPG
5447,0,0,1,user_pics/anonymous/02_bah5.PSF
25104,2639,0,0,user_pics/2639/01_IM001031.AVI
29296,1987,0,0,user_pics/1987/01_today074.JPG
7018,0,0,1,user_pics/anonymous/01_Telmatochromis
8092,0,0,1,user_pics/anonymous/02_fish5_001.jpg
15883,0,0,1,user_pics/anonymous/01_fish1.htm
3084,0,0,0,user_pics/anonymous/albums/malawi/2003_1025_080318AA_001.avi
8023,0,0,1,user_pics/anonymous/01_Captured_2026-7-23_00003.JPG
2198,0,0,0,user_pics/anonymous/albums/user_gallery/P1010017.mov
3459,0,0,0,user_pics/anonymous/albums/malawi/New_Fry_0022.avi
29297,1987,0,0,user_pics/1987/01_today087.JPG
9307,0,0,1,user_pics/anonymous/01_aaaaaaaaaa
17557,0,0,1,user_pics/anonymous/01_MOV00297.MPG
8022,0,0,1,user_pics/anonymous/01_Captured_2026-7-23_00002.JPG
12855,0,0,0,user_pics/anonymous/02_IMG]
22674,2311,0,1,user_pics/2311/01_fish_and_tank_set-up_014.avi
12854,0,0,1,user_pics/anonymous/01_IMG]
8090,0,0,1,user_pics/anonymous/01_fish5_001.jpg
8592,0,0,1,user_pics/anonymous/01_Picture
15320,1232,0,1,user_pics/1232/01_fish_tank_018.jpg
9199,0,0,1,user_pics/anonymous/01_DSCterrocloseup.JPG.lnk
29514,1987,0,0,user_pics/1987/01_today080.JPG
15333,935,0,1,user_pics/935/02_Cichlids_080.jpg
15334,935,0,1,user_pics/935/02_Cichlids_078.jpg
11877,0,0,1,user_pics/anonymous/03_Photo_#25.jpg
13151,0,0,1,user_pics/anonymous/01_MVC-009S_edited_1.zip
15325,479,0,1,user_pics/479/01_Picture_441.jpg
29710,1987,0,0,user_pics/1987/01_today066.JPG
8078,342,0,1,user_pics/342/03_Picture_205.jpg
30864,1987,0,0,user_pics/1987/03_jd.jpg
7336,0,0,1,user_pics/anonymous/01_oski2.pvm
11868,139,0,1,user_pics/139/06_leleupi1.JPG
5097,0,0,0,user_pics/anonymous/01_Amazonas_60_gallons.jpg
14849,338,0,1,user_pics/338/01_IMG_2883.JPG
14879,482,0,1,user_pics/482/01_000_0588.jpg
5794,0,0,1,user_pics/anonymous/04_Email-Sized_Photo_Album_with_100_Photos.zip
2154,0,0,0,user_pics/anonymous/albums/user_gallery/P1010124.mov
970,0,0,1,user_pics/anonymous/albums/tankgallery2/DSCN1245.mov
183445,11886,0,0,user_pics/11886/extrav_8cd86d7d08.jpg
8028,0,0,1,user_pics/anonymous/01_29_Gallon.JPG
39882,4304,0,1,user_pics/4304/01_HPIM0882.AVI
29294,1987,0,0,user_pics/1987/01_today044.JPG
9197,0,0,1,user_pics/anonymous/01_DSC01542.JPG.lnk
14580,1007,0,0,user_pics/1007/01_lil_bubba.jpg
15016,0,0,1,user_pics/anonymous/01_oscars.com_pictures
20823,2052,0,0,user_pics/2052/01_geo_bras_3.jpg
22112,0,0,1,user_pics/anonymous/02_Shortcut_to_Picture_064.lnk
567,0,0,1,user_pics/anonymous/albums/tankgallery2/IMGP0041.avi
50002,4818,0,0,user_pics/4818/01_Picture_177.avi
8037,308,0,1,user_pics/308/03_100_0473.jpg
